{
  "earthsmp.music.fastandrun": {
    "category": "master",
    "sounds": [
      "custom/fastandrun"
    ],
    "stream": true,
    "attenuation_distance": -1,
    "preload": true
  },
  "earthsmp.a10.ping": {
    "category": "master",
    "sounds": [
      "custom/a-10/a-10-rwr-ping"
    ],
    "stream": true,
    "attenuation_distance": -1,
    "preload": true
  },
  "earthsmp.a10.lock": {
    "category": "master",
    "sounds": [
      "custom/a-10/a-10-rwr-lock"
    ],
    "stream": true,
    "attenuation_distance": -1,
    "preload": true
  },
  "earthsmp.a10.mws": {
    "category": "master",
    "sounds": [
      "custom/a-10/a-10-rwr-mws"
    ],
    "stream": true,
    "attenuation_distance": -1,
    "preload": true
  },
  "earthsmp.f18.ping": {
    "category": "master",
    "sounds": [
      "custom/f-18-16/Contact_Nails"
    ],
    "stream": true,
    "attenuation_distance": -1,
    "preload": true
  },
  "earthsmp.f18.dangerous": {
    "category": "master",
    "sounds": [
      "custom/f-18-16/Dangerous_Contact"
    ],
    "stream": true,
    "attenuation_distance": -1,
    "preload": true
  },
  "earthsmp.f18.lock": {
    "category": "master",
    "sounds": [
      "custom/f-18-16/Lock_Spike"
    ],
    "stream": true,
    "attenuation_distance": -1,
    "preload": true
  },
  "earthsmp.f18.mws": {
    "category": "master",
    "sounds": [
      "custom/f-18-16/Missile_Launch_Loop"
    ],
    "stream": true,
    "attenuation_distance": -1,
    "preload": true
  },
  "earthsmp.vtol.newcontact": {
    "category": "master",
    "sounds": [
      "custom/vtol/New_Contact"
    ],
    "stream": true,
    "attenuation_distance": -1,
    "preload": true
  },
  "earthsmp.vtol.ping": {
    "category": "master",
    "sounds": [
      "custom/vtol/Ping"
    ],
    "stream": true,
    "attenuation_distance": -1,
    "preload": true
  },
  "earthsmp.vtol.lock": {
    "category": "master",
    "sounds": [
      "custom/vtol/Lock"
    ],
    "stream": true,
    "attenuation_distance": -1,
    "preload": true
  },
  "earthsmp.vtol.arh": {
    "category": "master",
    "sounds": [
      "custom/vtol/ARH"
    ],
    "stream": true,
    "attenuation_distance": -1,
    "preload": true
  },
  "earthsmp.vtol.sarh": {
    "category": "master",
    "sounds": [
      "custom/vtol/SARH"
    ],
    "stream": true,
    "attenuation_distance": -1,
    "preload": true
  },
  "earthsmp.vtol.missilelaunch": {
    "category": "master",
    "sounds": [
      "custom/vtol/Missile_Launch"
    ],
    "stream": true,
    "attenuation_distance": -1,
    "preload": true
  },
  "earthsmp.vtol.missilelaunchfull": {
    "category": "master",
    "sounds": [
      "custom/vtol/Missile_Launch_Full"
    ],
    "stream": true,
    "attenuation_distance": -1,
    "preload": true
  },
  "earthsmp.vtol.mws": {
    "category": "master",
    "sounds": [
      "custom/vtol/MWS"
    ],
    "stream": true,
    "attenuation_distance": -1,
    "preload": true
  }
}